year,sex,geo,region_name,var1,lci1,uci1,n,crude_rate
2013,0,hrr19,ZH.C2,101.277,86.6321,117.9713,171,103.1363
2013,0,hrr19,LU.C1,122.376,113.8964,131.3935,782,111.4389
2013,0,hrr19,AG.C2,132.3285,116.5672,150.0218,258,122.6032
2013,0,hrr19,BE.C1,137.6564,130.4118,145.2243,1362,140.1165
2013,0,hrr19,ZH.C4,145.9997,132.3779,160.833,424,137.1494
2013,0,hrr19,ZH.C3,147.6878,135.0732,161.2111,510,129.6789
2013,0,hrr19,GR.C1,153.1673,138.6341,168.9374,410,152.3308
2013,0,hrr19,GE.C1,153.4473,141.5483,166.111,620,131.8378
2013,0,hrr19,TG.C1,154.3902,138.1754,172.2341,337,138.2859
2013,0,hrr19,AG.C1,161.763,151.3261,172.8121,908,150.9306
2013,0,hrr19,CH,164.4258,161.5439,167.3489,12509,153.6802
2013,0,hrr19,VS.C1,165.1925,147.3477,184.8746,313,161.5701
2013,0,hrr19,ZH.C1,167.4103,157.5248,177.8054,1082,145.7883
2013,0,hrr19,NE.C1,167.4349,148.191,188.5713,277,156.9636
2013,0,hrr19,FR.C1,170.6467,154.351,188.4326,410,142.4729
2013,0,hrr19,VD.C1,181.6798,171.4734,192.364,1198,155.4937
2013,0,hrr19,SG.C1,198.6317,186.0348,211.9094,934,183.286
2013,0,hrr19,BE.C2,198.8898,179.8695,219.443,403,197.8594
2013,0,hrr19,BS.C1,216.2903,204.496,228.635,1266,224.5624
2013,0,hrr19,TI.C1,224.0196,209.128,239.7703,844,237.8537
2013,0,kt,ZG,107.5442,88.5063,130.4282,113,95.667
2013,0,kt,LU,111.8324,100.9818,123.6392,393,100.6791
2013,0,kt,SH,122.9047,99.9243,149.9976,100,126.9309
2013,0,kt,NW,135.5424,103.5332,176.9791,61,145.6264
2013,0,kt,OW,139.1322,102.5528,185.7232,49,134.2208
2013,0,kt,SO,140.8245,126.5489,156.3879,359,137.318
2013,0,kt,BE,151.1463,143.6661,158.937,1542,154.0027
2013,0,kt,TG,153.0504,137.4971,170.0999,360,138.3136
2013,0,kt,GE,153.6485,141.7339,166.3286,620,132.0742
2013,0,kt,AI,153.8191,97.2208,236.7703,23,145.7726
2013,0,kt,ZH,154.0061,147.2198,161.0471,1954,137.0711
2013,0,kt,UR,154.0709,115.5978,201.8427,54,150.5646
2013,0,kt,AG,154.6263,144.6753,165.2083,913,143.4718
2013,0,kt,SZ,157.2131,136.5658,180.8355,213,140.6906
2013,0,kt,GR,159.1357,141.9778,177.9841,315,161.5724
2013,0,kt,GL,159.3919,121.936,205.3411,62,156.5933
2013,0,kt,VS,164.0733,150.28,178.9723,524,160.2393
2013,0,kt,CH,164.4258,161.5439,167.3489,12509,153.6802
2013,0,kt,NE,167.4983,148.2469,188.6426,277,157.0277
2013,0,kt,FR,168.3333,152.43,185.7022,420,141.1186
2013,0,kt,AR,174.45,139.7387,215.5144,88,163.9008
2013,0,kt,BL,175.4075,160.64,191.3068,521,186.9689
2013,0,kt,VD,176.5968,166.3799,187.3073,1129,150.6593
2013,0,kt,SG,193.1267,180.4852,206.5001,875,177.9544
2013,0,kt,JU,219.7614,186.4801,257.5748,156,217.458
2013,0,kt,TI,223.0968,208.0636,239.0087,821,236.9142
2013,0,kt,BS,298.1372,273.8335,324.2709,567,299.4692
2014,0,hrr19,ZH.C2,107.7374,92.7971,124.6495,187,111.8033
2014,0,hrr19,AG.C2,114.1406,99.7238,130.4952,228,107.0191
2014,0,hrr19,LU.C1,124.1278,115.6902,133.0921,813,114.6527
2014,0,hrr19,BE.C1,138.7008,131.4845,146.2354,1392,142.1615
2014,0,hrr19,TG.C1,143.0411,127.791,159.8425,327,132.2858
2014,0,hrr19,ZH.C4,144.7806,131.254,159.4666,423,135.5048
2014,0,hrr19,BE.C2,144.9263,128.9026,162.4554,299,145.2486
2014,0,hrr19,GE.C1,152.2914,140.5635,164.7684,630,131.722
2014,0,hrr19,GR.C1,153.2898,138.9438,168.8456,421,155.6613
2014,0,hrr19,ZH.C1,157.3314,147.8445,167.31,1036,137.2004
2014,0,hrr19,ZH.C3,159.2612,146.2599,173.1853,559,140.375
2014,0,hrr19,CH,160.7057,157.8848,163.5668,12463,151.2929
2014,0,hrr19,AG.C1,164.3357,153.8711,175.4075,932,152.8262
2014,0,hrr19,NE.C1,167.9158,148.6224,189.1077,277,156.1434
2014,0,hrr19,SG.C1,173.8931,162.1592,186.3007,822,159.9689
2014,0,hrr19,FR.C1,177.6492,161.1313,195.6016,433,147.332
2014,0,hrr19,VS.C1,180.0197,161.6542,200.1348,352,178.751
2014,0,hrr19,VD.C1,187.5938,177.3675,198.2873,1273,162.6473
2014,0,hrr19,BS.C1,206.2844,194.8433,218.2672,1223,215.1124
2014,0,hrr19,TI.C1,216.2972,201.8526,231.5825,836,233.0632
2014,0,kt,ZG,98.8846,81.06,120.4938,109,90.766
2014,0,kt,OW,113.8728,80.6348,157.4081,39,105.8804
2014,0,kt,NW,113.9478,83.7072,153.3193,48,114.0684
2014,0,kt,LU,120.0949,108.9331,132.2056,429,108.7166
2014,0,kt,AI,129.0446,78.4976,206.3746,20,126.1511
2014,0,kt,GL,129.1644,96.29,170.6691,52,130.673
2014,0,kt,SH,136.3401,112.294,164.4102,113,142.2869
2014,0,kt,SO,137.341,123.3307,152.661,354,134.2338
2014,0,kt,GR,142.4351,126.4353,160.094,289,147.5348
2014,0,kt,BE,146.2031,138.903,153.8099,1513,149.8884
2014,0,kt,AG,148.854,139.1832,159.142,894,138.5452
2014,0,kt,ZH,150.2245,143.5762,157.1225,1936,133.8538
2014,0,kt,TG,150.7201,135.546,167.3292,367,139.1559
2014,0,kt,GE,152.4967,140.7532,164.9902,630,131.969
2014,0,kt,BL,159.943,146.0169,175.02,487,173.1242
2014,0,kt,FR,160.0762,144.6618,176.9111,404,133.1676
2014,0,kt,CH,160.7057,157.8848,163.5668,12463,151.2929
2014,0,kt,VS,164.6547,150.9753,179.401,537,161.8625
2014,0,kt,UR,165.0666,125.8813,213.1703,60,166.6296
2014,0,kt,NE,167.9786,148.6781,189.1782,277,156.2086
2014,0,kt,SG,174.2109,162.2788,186.8617,797,160.7425
2014,0,kt,SZ,177.3236,155.7919,201.6871,250,163.6565
2014,0,kt,AR,179.723,144.9964,220.6398,94,173.868
2014,0,kt,VD,190.0636,179.6071,201.0024,1250,164.1613
2014,0,kt,TI,216.9243,202.2823,232.4265,818,233.4721
2014,0,kt,JU,218.836,186.2004,255.9315,161,222.345
2014,0,kt,BS,284.9915,261.1655,310.6514,535,280.722
2015,0,hrr19,ZH.C2,101.9996,87.5585,118.3365,179,106.0018
2015,0,hrr19,LU.C1,116.8314,108.7634,125.4018,787,109.882
2015,0,hrr19,AG.C2,134.047,118.4405,151.5718,270,125.0475
2015,0,hrr19,GR.C1,145.6569,131.8098,160.6732,407,149.9206
2015,0,hrr19,VS.C1,150.6113,134.1224,168.7447,304,152.2848
2015,0,hrr19,BE.C1,153.7129,146.1825,161.5583,1572,159.406
2015,0,hrr19,ZH.C4,153.8813,140.0633,168.7855,458,145.3945
2015,0,hrr19,TG.C1,154.1421,138.546,171.2044,363,144.7767
2015,0,hrr19,ZH.C1,154.4208,145.0683,164.2531,1027,133.8126
2015,0,hrr19,ZH.C3,157.0979,144.3153,170.7797,562,139.4994
2015,0,hrr19,BE.C2,161.1126,144.274,179.4465,336,161.8045
2015,0,hrr19,CH,164.3747,161.5467,167.2417,12971,155.768
2015,0,hrr19,AG.C1,166.2028,155.7947,177.1955,965,156.2095
2015,0,hrr19,GE.C1,171.2366,158.9014,184.3083,722,148.6701
2015,0,hrr19,NE.C1,177.292,157.6547,198.8089,299,167.8078
2015,0,hrr19,VD.C1,177.773,167.9248,188.0805,1234,155.2336
2015,0,hrr19,FR.C1,184.7757,168.0615,202.9064,457,153.1809
2015,0,hrr19,SG.C1,185.7278,173.7581,198.3542,903,174.4826
2015,0,hrr19,TI.C1,207.6028,193.5633,222.4742,816,226.4327
2015,0,hrr19,BS.C1,219.9942,208.2022,232.327,1310,228.8809
2015,0,kt,OW,92.9895,63.8199,133.0891,33,89.0064
2015,0,kt,LU,102.6971,92.5212,113.7727,376,94.2918
2015,0,kt,ZG,110.2868,91.5481,132.6731,124,101.5278
2015,0,kt,GR,122.5598,107.8217,138.9388,251,127.6639
2015,0,kt,NW,131.6013,100.2536,171.5698,60,141.4427
2015,0,kt,VS,145.1018,132.4861,158.7359,489,145.6675
2015,0,kt,SO,146.2443,132.0233,161.6653,391,146.7619
2015,0,kt,ZH,146.806,140.285,153.5678,1921,130.9989
2015,0,kt,SZ,154.4595,134.752,176.7609,225,146.0157
2015,0,kt,TG,155.6619,140.5213,172.1638,393,146.9549
2015,0,kt,BE,158.2188,150.6856,166.0557,1665,163.6391
2015,0,kt,AG,163.2296,153.1364,173.9367,990,151.4514
2015,0,kt,CH,164.3747,161.5467,167.2417,12971,155.768
2015,0,kt,GE,171.4716,159.1196,184.5612,722,148.9471
2015,0,kt,SH,172.7739,145.6357,203.8964,144,180.3698
2015,0,kt,AR,174.9025,141.6249,214.0855,97,177.8413
2015,0,kt,NE,177.3649,157.7195,198.8906,299,167.8766
2015,0,kt,VD,178.7755,168.7459,189.279,1203,155.5455
2015,0,kt,SG,180.7052,168.664,193.4522,842,168.7155
2015,0,kt,FR,181.2192,164.9797,198.8292,467,151.8892
2015,0,kt,BL,190.9627,175.6896,207.3565,580,204.7798
2015,0,kt,UR,195.9776,153.7932,247.0156,74,205.7098
2015,0,kt,JU,200.4144,169.2247,236.0704,147,201.973
2015,0,kt,TI,208.2137,193.9856,223.2935,799,227.0235
2015,0,kt,GL,225.3346,181.257,277.5522,91,227.3409
2015,0,kt,BS,281.5426,258.0134,306.8903,538,280.4757
2015,0,kt,AI,312.074,231.2095,417.9449,50,313.0086
2016,0,hrr19,ZH.C2,121.5919,105.9242,139.1374,218,127.824
2016,0,hrr19,LU.C1,121.885,113.6759,130.5767,828,114.3749
2016,0,hrr19,ZH.C1,149.0378,139.9409,158.5934,1011,129.6265
2016,0,hrr19,VS.C1,152.7397,136.1855,170.8703,310,153.2711
2016,0,hrr19,ZH.C4,152.7584,139.1191,167.4307,463,145.2531
2016,0,hrr19,BE.C1,155.7532,148.2233,163.5958,1613,162.2142
2016,0,hrr19,GR.C1,159.1588,144.8452,174.6142,456,167.0825
2016,0,hrr19,ZH.C3,162.5829,149.6543,176.3683,589,144.0975
2016,0,hrr19,FR.C1,166.9619,151.4203,183.7774,429,141.5795
2016,0,hrr19,BE.C2,167.3908,150.3993,185.8467,356,169.8571
2016,0,hrr19,CH,167.5824,164.7543,170.4486,13473,160.0204
2016,0,hrr19,AG.C2,172.7021,155.1652,192.0013,357,163.2396
2016,0,hrr19,TG.C1,174.6339,158.3066,192.3567,428,168.5497
2016,0,hrr19,AG.C1,175.6171,165.1369,186.6468,1061,169.245
2016,0,hrr19,VD.C1,176.8951,167.0928,187.1497,1232,152.7782
2016,0,hrr19,NE.C1,181.4145,161.6957,202.9732,310,173.546
2016,0,hrr19,TI.C1,183.033,169.9575,196.9357,730,201.1762
2016,0,hrr19,SG.C1,194.9144,182.7699,207.6891,966,185.3999
2016,0,hrr19,GE.C1,199.4327,186.1098,213.4829,842,171.6689
2016,0,hrr19,BS.C1,210.4395,199.0013,222.4123,1274,220.9669
2016,0,kt,OW,70.5451,45.9577,105.8987,26,69.5596
2016,0,kt,LU,112.5675,101.9807,124.01,419,103.8679
2016,0,kt,AI,116.3038,68.6856,188.3837,18,112.4789
2016,0,kt,NW,122.8661,92.3501,161.1295,55,129.2415
2016,0,kt,ZG,129.507,109.045,153.6449,143,115.371
2016,0,kt,VS,137.769,125.5008,151.0012,465,137.097
2016,0,kt,UR,142.0113,106.602,186.1359,54,149.3983
2016,0,kt,ZH,143.3961,137.0024,150.0202,1907,128.1613
2016,0,kt,SO,146.7123,132.7072,161.881,405,150.3112
2016,0,kt,GR,149.3929,133.3369,167.0424,316,159.9595
2016,0,kt,BE,165.687,158.0343,173.6399,1768,172.2336
2016,0,kt,CH,167.5824,164.7543,170.4486,13473,160.0204
2016,0,kt,FR,172.3705,156.8026,189.1868,457,146.5147
2016,0,kt,TG,175.1198,159.282,192.2585,457,168.816
2016,0,kt,VD,176.305,166.3679,186.7086,1190,151.6267
2016,0,kt,SZ,178.417,157.4588,201.8886,266,170.6627
2016,0,kt,AG,180.5189,170.1144,191.4921,1139,171.6752
2016,0,kt,NE,181.4827,161.7563,203.0499,310,173.6043
2016,0,kt,GL,184.2705,144.983,231.6023,76,189.3043
2016,0,kt,TI,184.2947,171.004,198.4325,716,202.0459
2016,0,kt,SH,189.3504,161.2436,221.3702,162,200.572
2016,0,kt,BL,193.4952,178.298,209.7454,601,210.4165
2016,0,kt,SG,194.3133,181.9649,207.3268,927,184.4585
2016,0,kt,GE,199.7151,186.3735,213.785,842,172.0038
2016,0,kt,JU,216.6987,184.5068,253.2786,162,221.5476
2016,0,kt,AR,221.8438,184.8508,264.5559,128,232.9221
2016,0,kt,BS,242.7186,220.95,266.2908,464,240.3273
2017,0,hrr19,AG.C2,125.4643,110.6882,141.9573,263,119.2446
2017,0,hrr19,LU.C1,126.2462,117.9722,134.9897,873,119.5401
2017,0,hrr19,ZH.C2,132.4329,116.1565,150.5714,241,139.9097
2017,0,hrr19,ZH.C4,133.3295,120.7261,146.9515,412,128.0314
2017,0,hrr19,VS.C1,152.6821,136.2605,170.664,315,154.4367
2017,0,hrr19,TG.C1,154.362,139.057,171.0554,378,147.2611
2017,0,hrr19,BE.C1,158.1821,150.6735,165.998,1671,167.2214
2017,0,hrr19,GR.C1,161.4487,147.1426,176.8842,469,171.6785
2017,0,hrr19,AG.C1,165.307,155.2284,175.9207,1014,159.9397
2017,0,hrr19,ZH.C3,166.5936,153.6855,180.3417,621,149.0932
2017,0,hrr19,ZH.C1,168.2279,158.5681,178.3448,1141,145.3655
2017,0,hrr19,CH,169.6034,166.7811,172.4628,13840,163.1281
2017,0,hrr19,GE.C1,172.46,160.228,185.4117,748,150.7369
2017,0,hrr19,VD.C1,180.7935,171.0004,191.0237,1287,158.0169
2017,0,hrr19,FR.C1,187.4579,171.0726,205.0949,488,159.3084
2017,0,hrr19,BE.C2,189.7118,171.7978,209.0637,413,196.3376
2017,0,hrr19,TI.C1,192.5261,179.1978,206.6796,780,215.3245
2017,0,hrr19,SG.C1,192.9287,180.9276,205.5401,968,184.7286
2017,0,hrr19,BS.C1,221.8359,210.1342,234.0679,1353,233.6642
2017,0,hrr19,NE.C1,238.033,215.346,262.5203,405,227.5012
2017,0,kt,OW,110.0843,78.8262,151.418,41,109.1151
2017,0,kt,NW,116.8641,87.6917,153.574,54,125.672
2017,0,kt,LU,123.2252,112.2309,135.0499,466,114.6355
2017,0,kt,GL,123.4644,91.8065,163.2378,51,126.3972
2017,0,kt,ZG,128.125,108.2119,151.8749,148,118.0026
2017,0,kt,SZ,132.2097,114.3209,152.4916,198,125.8733
2017,0,kt,SH,138.1973,114.5182,165.7506,120,147.5089
2017,0,kt,VS,147.8553,135.2947,161.358,512,149.943
2017,0,kt,AG,150.0352,140.6574,159.9557,964,143.6687
2017,0,kt,UR,151.6195,115.096,196.8217,58,159.784
2017,0,kt,TG,158.1646,143.1831,174.436,414,151.2047
2017,0,kt,GR,159.085,142.6675,177.0758,343,173.3304
2017,0,kt,ZH,159.3911,152.688,166.3186,2143,142.4539
2017,0,kt,SO,164.005,149.2343,179.9334,456,167.9979
2017,0,kt,BE,168.7099,161.0538,176.6616,1830,177.4759
2017,0,kt,CH,169.6034,166.7811,172.4628,13840,163.1281
2017,0,kt,GE,172.7093,160.4599,185.6795,748,151.0351
2017,0,kt,VD,179.0491,169.1505,189.3983,1235,155.7124
2017,0,kt,BL,186.0148,171.2069,201.8552,585,203.8164
2017,0,kt,FR,186.639,170.6015,203.8891,506,160.5972
2017,0,kt,SG,187.362,175.3208,200.042,905,179.3194
2017,0,kt,AI,191.6955,129.7296,280.318,31,192.4868
2017,0,kt,TI,192.9541,179.4503,207.3018,763,215.714
2017,0,kt,NE,238.1124,215.4177,262.6083,405,227.5741
2017,0,kt,AR,238.6765,199.9284,283.184,135,244.6627
2017,0,kt,JU,260.564,225.6423,299.7802,200,272.8885
2017,0,kt,BS,279.9691,256.4153,305.3182,529,272.8098
2018,0,hrr19,LU.C1,117.3641,109.4913,125.6821,832,112.9649
2018,0,hrr19,AG.C2,121.3619,107.066,137.2713,262,117.933
2018,0,hrr19,ZH.C2,124.902,109.2727,142.3593,233,133.9088
2018,0,hrr19,AG.C1,140.4564,131.318,150.1031,887,138.411
2018,0,hrr19,GR.C1,147.5301,134.016,162.1591,438,159.5692
2018,0,hrr19,VS.C1,149.6562,133.6135,167.1977,317,154.3172
2018,0,hrr19,BE.C1,152.1943,144.8853,159.8063,1631,162.7412
2018,0,hrr19,ZH.C4,154.6546,141.2083,169.0911,489,150.7584
2018,0,hrr19,ZH.C1,161.3782,151.9813,171.2228,1109,139.7495
2018,0,hrr19,GE.C1,162.367,150.4979,174.9611,703,140.4654
2018,0,hrr19,ZH.C3,164.3433,151.5511,177.9771,615,145.8424
2018,0,hrr19,CH,170.7133,167.9066,173.5564,14173,165.8723
2018,0,hrr19,BE.C2,186.8649,169.1472,206.0035,409,192.8172
2018,0,hrr19,FR.C1,188.9938,172.7637,206.4414,505,162.6729
2018,0,hrr19,TI.C1,193.2439,180.0019,207.3126,798,220.4974
2018,0,hrr19,TG.C1,199.9817,182.6844,218.6178,498,192.0963
2018,0,hrr19,SG.C1,203.4844,191.3095,216.2557,1047,198.8891
2018,0,hrr19,VD.C1,218.7939,208.0772,229.9337,1577,192.1856
2018,0,hrr19,NE.C1,229.531,207.344,253.505,394,222.7222
2018,0,hrr19,BS.C1,231.0875,219.2171,243.4804,1429,245.8672
2018,0,kt,UR,90.4818,63.0032,126.7636,35,96.0668
2018,0,kt,ZG,105.0668,87.2855,126.1869,124,97.7633
2018,0,kt,LU,119.6898,108.9293,131.2608,458,111.8281
2018,0,kt,NW,124.8623,95.1999,161.8891,60,138.815
2018,0,kt,SZ,133.5702,115.9048,153.4982,208,130.682
2018,0,kt,SH,133.6861,110.6779,160.4994,119,145.1379
2018,0,kt,AG,134.2529,125.5202,143.4931,887,130.786
2018,0,kt,OW,137.0996,102.8592,179.812,54,142.7024
2018,0,kt,GR,139.0224,123.8106,155.7948,304,153.242
2018,0,kt,SO,143.0951,129.4632,157.8705,406,148.6123
2018,0,kt,AI,144.2455,92.0942,221.3589,24,148.6528
2018,0,kt,GL,145.6183,111.563,187.5388,62,153.454
2018,0,kt,VS,147.0145,134.6007,160.341,518,150.6011
2018,0,kt,ZH,159.1451,152.4887,166.0241,2168,142.5408
2018,0,kt,GE,162.6015,150.7153,175.2138,703,140.7464
2018,0,kt,BE,163.4168,155.9443,171.1801,1801,174.0135
2018,0,kt,AR,166.915,134.9603,204.6065,95,171.9955
2018,0,kt,CH,170.7133,167.9066,173.5564,14173,165.8723
2018,0,kt,FR,179.2273,163.7347,195.9051,499,156.5667
2018,0,kt,BL,187.1517,172.4681,202.8455,603,209.2791
2018,0,kt,TI,193.7361,180.3184,207.9994,781,221.0317
2018,0,kt,TG,199.2657,182.6299,217.1338,535,193.5097
2018,0,kt,SG,205.704,193.2412,218.7895,1020,200.9072
2018,0,kt,VD,221.371,210.4268,232.7515,1548,193.707
2018,0,kt,NE,229.5975,207.4041,253.5783,394,222.7877
2018,0,kt,JU,236.8828,203.8568,274.1691,184,250.6163
2018,0,kt,BS,304.3362,279.9192,330.528,583,299.3336
2019,0,hrr19,AG.C2,113.8985,100.2315,129.0873,252,112.6061
2019,0,hrr19,LU.C1,114.3515,106.6452,122.4883,824,111.0547
2019,0,hrr19,ZH.C2,124.1256,108.5958,141.4763,233,132.3721
2019,0,hrr19,GR.C1,135.5901,122.7627,149.5233,410,148.802
2019,0,hrr19,VS.C1,142.9436,127.4288,159.9143,309,149.7129
2019,0,hrr19,ZH.C4,146.8839,133.8959,160.8317,472,144.2433
2019,0,hrr19,BE.C2,163.6215,147.1949,181.4556,364,170.5381
2019,0,hrr19,BE.C1,164.169,156.6406,171.9957,1790,177.8352
2019,0,hrr19,ZH.C1,167.5108,158.0558,177.3992,1182,147.1412
2019,0,hrr19,ZH.C3,171.1903,158.2408,184.9722,652,152.8704
2019,0,hrr19,CH,172.2289,169.4332,175.0604,14540,168.9512
2019,0,hrr19,GE.C1,174.2542,161.9615,187.2707,757,149.868
2019,0,hrr19,AG.C1,180.7639,170.444,191.5747,1155,178.3062
2019,0,hrr19,FR.C1,186.6517,170.6782,203.8214,507,161.6194
2019,0,hrr19,NE.C1,188.9554,168.8609,210.8514,324,183.5434
2019,0,hrr19,SG.C1,189.957,178.2754,202.2263,990,187.0056
2019,0,hrr19,TG.C1,190.1411,173.5528,207.9987,489,186.6441
2019,0,hrr19,TI.C1,202.3815,188.8744,216.7238,844,234.339
2019,0,hrr19,VD.C1,203.3769,193.135,214.0378,1490,180.2462
2019,0,hrr19,BS.C1,238.9334,226.9292,251.4537,1496,256.1696
2019,0,kt,OW,66.8355,43.6119,98.6259,26,68.5473
2019,0,kt,UR,79.2237,53.8078,113.3714,31,84.4618
2019,0,kt,NW,106.801,79.7131,141.2387,52,120.6861
2019,0,kt,LU,119.2249,108.5938,130.6435,466,112.8002
2019,0,kt,AR,121.7018,94.7998,154.3324,70,126.2512
2019,0,kt,ZG,122.9165,103.801,145.0084,148,115.9493
2019,0,kt,GL,126.1903,94.9745,165.1341,55,135.5014
2019,0,kt,SZ,132.7803,115.3627,152.3427,211,131.4806
2019,0,kt,AI,139.2321,88.0403,211.6417,23,142.6091
2019,0,kt,GR,142.4396,127.1925,159.2376,318,159.7821
2019,0,kt,ZH,159.1541,152.5607,165.967,2211,143.6391
2019,0,kt,VS,163.3115,150.3571,177.15,588,170.1758
2019,0,kt,SO,165.3329,150.7613,181.0276,476,172.9356
2019,0,kt,AG,165.6653,156.04,175.7721,1114,162.4274
2019,0,kt,BE,165.903,158.4285,173.6655,1856,178.5518
2019,0,kt,SH,170.2296,144.41,199.7413,155,188.2256
2019,0,kt,CH,172.2289,169.4332,175.0604,14540,168.9512
2019,0,kt,GE,174.5018,162.1916,187.5367,757,150.1603
2019,0,kt,FR,180.7033,165.3166,197.2589,513,159.4242
2019,0,kt,NE,188.9872,168.8894,210.8866,324,183.5736
2019,0,kt,TG,193.1675,177.0065,210.5009,532,190.3079
2019,0,kt,SG,194.3404,182.3084,206.9874,976,191.0975
2019,0,kt,TI,198.7735,185.2258,213.1757,809,230.1624
2019,0,kt,VD,199.9771,189.6665,210.7205,1421,176.5003
2019,0,kt,JU,204.591,174.3275,239.0613,163,221.5155
2019,0,kt,BL,220.36,204.4708,237.2537,717,247.6958
2019,0,kt,BS,275.414,252.2087,300.4,528,269.6023
2020,0,hrr19,VS.C1,110.4425,96.977,125.3821,243,116.7046
2020,0,hrr19,ZH.C4,121.6353,109.8841,134.3437,394,119.3834
2020,0,hrr19,ZH.C2,122.0434,106.6173,139.2711,229,128.4143
2020,0,hrr19,LU.C1,124.2583,116.3317,132.603,921,123.1692
2020,0,hrr19,GR.C1,133.5023,120.9362,147.1519,414,149.2742
2020,0,hrr19,BE.C1,139.7912,132.9152,146.9638,1553,153.5875
2020,0,hrr19,AG.C2,147.3941,131.971,164.3148,334,148.0385
2020,0,hrr19,GE.C1,148.5727,137.3388,160.5235,659,129.888
2020,0,hrr19,ZH.C3,149.1404,137.0278,162.0899,563,131.0418
2020,0,hrr19,CH,160.3871,157.7096,163.1001,13744,158.5182
2020,0,hrr19,AG.C1,160.6809,151.1055,170.7309,1058,161.4052
2020,0,hrr19,ZH.C1,161.2844,152.0254,170.972,1141,140.6395
2020,0,hrr19,BE.C2,166.9345,150.4178,184.8535,374,174.5869
2020,0,hrr19,TG.C1,171.6802,156.0187,188.5922,445,167.7808
2020,0,hrr19,TI.C1,172.0697,159.7238,185.2583,729,202.6373
2020,0,hrr19,SG.C1,172.0858,161.0432,183.7162,908,170.4991
2020,0,hrr19,FR.C1,175.0666,159.8178,191.4916,489,153.8859
2020,0,hrr19,VD.C1,199.9498,189.8188,210.4984,1472,176.0831
2020,0,hrr19,NE.C1,223.2509,201.5577,246.7163,390,221.6892
2020,0,hrr19,BS.C1,223.7486,212.237,235.7722,1428,243.4094
2020,0,kt,AI,47.245,20.2879,96.7695,8,49.1008
2020,0,kt,NW,109.4773,82.4168,143.7256,55,126.3787
2020,0,kt,SZ,116.53,100.3181,134.848,186,114.7037
2020,0,kt,AR,117.0155,90.7895,149.0327,68,122.9456
2020,0,kt,SH,117.0943,95.9894,141.8995,108,129.953
2020,0,kt,UR,124.0723,92.0558,164.5779,50,135.7995
2020,0,kt,OW,124.1242,91.762,164.8593,49,128.5819
2020,0,kt,LU,125.0756,114.3542,136.5596,505,121.2931
2020,0,kt,GR,125.2804,111.2113,140.8709,288,143.9309
2020,0,kt,ZG,137.5389,117.5872,160.3051,171,132.7702
2020,0,kt,GL,142.0179,108.5929,183.2188,61,149.3231
2020,0,kt,SO,146.4216,132.9555,160.9841,436,157.1386
2020,0,kt,BE,146.7856,139.8195,154.0382,1670,160.0948
2020,0,kt,ZH,148.4339,142.0727,155.0142,2064,132.8679
2020,0,kt,GE,148.7912,137.5408,160.7596,659,130.1489
2020,0,kt,VS,148.8162,136.6097,161.9182,549,157.5309
2020,0,kt,AG,156.5006,147.2874,166.185,1084,156.1798
2020,0,kt,CH,160.3871,157.7096,163.1001,13744,158.5182
2020,0,kt,TI,172.6352,160.1198,186.013,714,203.4269
2020,0,kt,TG,173.6759,158.4616,190.043,483,170.7263
2020,0,kt,JU,176.9448,149.1078,208.9462,143,194.0062
2020,0,kt,FR,179.3614,164.2525,195.6227,524,160.9851
2020,0,kt,SG,179.6494,168.1546,191.7604,913,177.4525
2020,0,kt,VD,191.4645,181.3843,201.977,1362,167.1654
2020,0,kt,BL,198.6542,183.7494,214.5527,663,227.8593
2020,0,kt,NE,223.2975,201.5998,246.7675,390,221.7244
2020,0,kt,BS,280.5464,257.1725,305.6952,541,274.9892
2021,0,hrr19,LU.C1,107.6135,100.318,115.3183,814,107.9058
2021,0,hrr19,ZH.C2,119.9904,105.0049,136.7525,235,130.5708
2021,0,hrr19,ZH.C4,121.3139,109.7131,133.8536,403,121.0323
2021,0,hrr19,AG.C2,127.1601,112.8908,142.8591,289,126.7244
2021,0,hrr19,TG.C1,141.8446,127.9192,156.969,383,142.8715
2021,0,hrr19,BE.C1,144.6997,137.7425,151.9524,1628,160.2184
2021,0,hrr19,VS.C1,144.7866,129.3731,161.6225,322,152.5481
2021,0,hrr19,GE.C1,145.6032,134.5366,157.3783,654,128.1197
2021,0,hrr19,GR.C1,148.0776,134.9311,162.2906,467,167.0829
2021,0,hrr19,ZH.C1,161.5207,152.2992,171.1696,1156,141.4275
2021,0,hrr19,AG.C1,162.9077,153.3306,172.9526,1087,163.7532
2021,0,hrr19,CH,164.1091,161.422,166.8313,14298,163.6153
2021,0,hrr19,BE.C2,166.6246,150.2916,184.3517,382,177.1611
2021,0,hrr19,ZH.C3,167.3571,154.6713,180.8593,651,150.5731
2021,0,hrr19,TI.C1,170.7511,158.52,183.8263,735,203.5504
2021,0,hrr19,SG.C1,171.2491,160.334,182.7435,921,171.5659
2021,0,hrr19,FR.C1,189.0145,173.3805,205.7821,544,168.7471
2021,0,hrr19,NE.C1,199.8588,179.5675,221.8885,357,202.613
2021,0,hrr19,VD.C1,208.361,198.0937,219.0407,1559,184.6139
2021,0,hrr19,BS.C1,264.9077,252.436,277.8871,1711,290.9404
2021,0,kt,AI,74.7795,39.686,130.8164,13,79.4621
2021,0,kt,NW,82.7231,59.2827,113.4809,41,93.4068
2021,0,kt,UR,99.6958,71.4913,136.2567,41,110.6702
2021,0,kt,ZG,105.2842,88.0486,125.2384,133,102.4756
2021,0,kt,OW,109.9317,80.0708,148.0411,45,117.0808
2021,0,kt,LU,110.0438,100.0454,120.7981,448,106.5839
2021,0,kt,SZ,128.5882,111.9745,147.2423,218,133.1794
2021,0,kt,GR,144.3904,129.3396,160.9407,336,166.8521
2021,0,kt,SH,144.7725,121.1316,172.1192,133,158.3428
2021,0,kt,GE,145.8258,134.7421,157.6192,654,128.3742
2021,0,kt,GL,146.863,113.5135,187.7793,66,160.2331
2021,0,kt,AG,149.0969,140.1655,158.4892,1046,148.7727
2021,0,kt,AR,149.2199,119.7406,184.3447,89,160.1151
2021,0,kt,TG,150.2787,136.4045,165.2633,434,151.7674
2021,0,kt,ZH,152.2311,145.8402,158.8382,2158,137.9212
2021,0,kt,BE,152.7093,145.6514,160.0511,1764,168.4053
2021,0,kt,VS,159.9372,147.3283,173.3915,596,168.7386
2021,0,kt,SO,161.3273,147.2214,176.5225,483,172.3492
2021,0,kt,CH,164.1091,161.422,166.8313,14298,163.6153
2021,0,kt,SG,169.7157,158.6676,181.3681,882,169.862
2021,0,kt,TI,171.0776,158.6888,184.3302,719,204.1564
2021,0,kt,FR,171.9724,157.3691,187.6919,516,156.4542
2021,0,kt,NE,199.9008,179.6052,221.9352,357,202.6498
2021,0,kt,VD,206.471,196.0871,217.281,1496,181.7811
2021,0,kt,JU,214.7564,183.9137,249.7391,173,234.4237
2021,0,kt,BL,224.3445,208.6016,241.0768,762,260.2308
2021,0,kt,BS,353.9666,327.8673,381.8103,695,354.5267
2022,0,hrr19,ZH.C2,106.2106,92.1081,122.0936,208,114.9349
2022,0,hrr19,LU.C1,121.384,113.6837,129.4887,931,122.2032
2022,0,hrr19,AG.C2,132.1265,117.7015,147.9554,306,132.4572
2022,0,hrr19,BE.C1,146.1783,139.2362,153.4117,1672,163.8172
2022,0,hrr19,ZH.C4,148.9834,136.1993,162.6917,504,149.6495
2022,0,hrr19,VS.C1,150.7297,135.2299,167.6247,346,162.0601
2022,0,hrr19,BE.C2,155.5686,139.8747,172.661,360,166.1981
2022,0,hrr19,ZH.C3,157.2938,145.0893,170.3064,620,141.8469
2022,0,hrr19,AG.C1,159.2929,149.9115,169.1373,1082,161.318
2022,0,hrr19,GR.C1,160.5526,147.0074,175.1463,519,184.2713
2022,0,hrr19,GE.C1,161.3582,149.801,173.621,739,143.4559
2022,0,hrr19,CH,166.9157,164.2265,169.6394,14782,167.6841
2022,0,hrr19,TG.C1,168.7263,153.6073,185.026,461,169.8243
2022,0,hrr19,ZH.C1,169.7855,160.386,179.6078,1233,149.3819
2022,0,hrr19,SG.C1,170.7571,159.9412,182.1376,933,171.8852
2022,0,hrr19,FR.C1,173.6746,158.8774,189.5861,512,156.4687
2022,0,hrr19,TI.C1,196.3373,183.347,210.1651,865,238.2303
2022,0,hrr19,VD.C1,200.6251,190.6364,211.0198,1530,179.5623
2022,0,hrr19,BS.C1,237.2845,225.499,249.5788,1538,260.3523
2022,0,hrr19,NE.C1,237.5957,215.3861,261.5413,423,239.5162
2022,0,kt,AI,61.6984,30.6757,113.5675,11,67.0078
2022,0,kt,OW,94.9805,67.8028,130.335,40,103.3592
2022,0,kt,LU,121.2298,110.8267,132.3746,503,118.3944
2022,0,kt,ZG,125.2133,106.4449,146.6049,160,121.9847
2022,0,kt,UR,126.49,94.7198,166.4471,53,142.0264
2022,0,kt,AR,131.1208,103.9094,163.978,80,143.4746
2022,0,kt,SZ,132.0363,115.2267,150.8162,224,135.8234
2022,0,kt,NW,133.2542,103.7803,169.6411,70,157.5867
2022,0,kt,BE,145.3933,138.5522,152.517,1704,162.0639
2022,0,kt,AG,152.9191,143.9397,162.3472,1088,152.974
2022,0,kt,ZH,153.7986,147.4061,160.4061,2206,139.6232
2022,0,kt,GR,156.5979,141.0532,173.6214,372,183.6692
2022,0,kt,GE,161.6217,150.0455,173.9045,739,143.7424
2022,0,kt,VS,162.0518,149.5108,175.4408,619,173.2525
2022,0,kt,CH,166.9157,164.2265,169.6394,14782,167.6841
2022,0,kt,SO,167.77,153.4781,183.1408,510,180.5898
2022,0,kt,FR,169.369,155.0782,184.7531,523,156.3691
2022,0,kt,TG,174.1499,159.3017,190.0911,510,176.0746
2022,0,kt,GL,176.1819,139.8239,219.9645,81,195.3172
2022,0,kt,SG,176.6839,165.4869,188.469,932,177.1974
2022,0,kt,SH,186.0164,159.5163,216.0928,177,207.7123
2022,0,kt,TI,195.4615,182.3402,209.4414,840,237.2727
2022,0,kt,JU,195.6071,166.5097,228.7942,161,217.9652
2022,0,kt,BL,197.8665,183.169,213.558,681,231.3046
2022,0,kt,VD,198.0922,188.0071,208.5969,1463,176.1736
2022,0,kt,NE,237.6419,215.4281,261.5918,423,239.5637
2022,0,kt,BS,318.393,293.4406,345.0944,612,310.9977
2023,0,hrr19,ZH.C2,104.4138,90.5248,120.0557,208,113.7439
2023,0,hrr19,LU.C1,121.1808,113.5823,129.1784,954,123.1964
2023,0,hrr19,BE.C1,139.782,133.0643,146.7872,1634,157.9779
2023,0,hrr19,VS.C1,144.785,129.7132,161.2183,338,154.4352
2023,0,hrr19,GR.C1,150.2794,137.2621,164.3263,492,172.3951
2023,0,hrr19,ZH.C4,150.2821,137.4877,163.9943,513,149.4816
2023,0,hrr19,ZH.C3,152.5148,140.4812,165.3544,600,134.9977
2023,0,hrr19,GE.C1,157.6624,146.3108,169.7168,735,139.8828
2023,0,hrr19,FR.C1,159.9741,145.9019,175.1291,479,143.2005
2023,0,hrr19,SG.C1,165.9112,155.3898,176.983,932,168.7877
2023,0,hrr19,CH,166.2935,163.6314,168.9897,14992,167.2793
2023,0,hrr19,AG.C1,167.7616,158.2244,177.7547,1163,169.8976
2023,0,hrr19,AG.C2,170.6191,154.4345,188.1327,409,173.3154
2023,0,hrr19,ZH.C1,171.8233,162.4762,181.5867,1279,152.537
2023,0,hrr19,BE.C2,175.2657,158.7208,193.1907,413,188.9607
2023,0,hrr19,VD.C1,185.5859,176.0207,195.5561,1428,164.523
2023,0,hrr19,TI.C1,191.7653,178.9377,205.4303,850,231.6392
2023,0,hrr19,TG.C1,205.5297,189.108,223.0966,584,211.3017
2023,0,hrr19,NE.C1,212.6637,191.6014,235.477,376,210.8415
2023,0,hrr19,BS.C1,244.0641,232.1959,256.4373,1605,267.7222
2023,0,kt,AI,86.0147,47.942,145.082,15,90.4432
2023,0,kt,UR,95.9183,68.7975,131.1215,41,108.091
2023,0,kt,AR,115.8054,90.704,146.5392,73,129.215
2023,0,kt,LU,117.0859,106.9942,127.9053,499,115.3107
2023,0,kt,SZ,124.2317,108.1075,142.2641,215,128.4326
2023,0,kt,NW,131.8946,102.8916,167.6731,71,157.7217
2023,0,kt,ZG,132.3583,113.0372,154.2809,169,127.4933
2023,0,kt,GL,134.8156,103.5507,173.473,63,149.8003
2023,0,kt,OW,145.9721,112.108,187.9138,63,160.4196
2023,0,kt,VS,145.9871,134.2382,158.5468,572,156.3508
2023,0,kt,SO,146.2009,133.0571,160.3943,457,159.32
2023,0,kt,BE,148.9193,142.0477,156.0715,1775,166.8966
2023,0,kt,FR,150.8589,137.4791,165.293,471,137.906
2023,0,kt,GR,154.9804,139.6526,171.7499,375,183.0268
2023,0,kt,ZH,156.8822,150.4735,163.5039,2287,142.4471
2023,0,kt,GE,157.9309,146.5598,170.006,735,140.1575
2023,0,kt,SG,165.6789,154.9648,176.9675,896,167.441
2023,0,kt,CH,166.2935,163.6314,168.9897,14992,167.2793
2023,0,kt,AG,175.9074,166.3866,185.8642,1285,176.7796
2023,0,kt,SH,180.9787,155.0529,210.3909,175,200.8931
2023,0,kt,VD,187.8597,178.0765,198.0616,1399,165.3918
2023,0,kt,TI,191.3276,178.3514,205.1628,827,231.1864
2023,0,kt,TG,206.2311,190.3361,223.1849,628,212.7227
2023,0,kt,NE,212.6907,191.626,235.5066,376,210.8912
2023,0,kt,BL,219.3961,204.0109,235.7698,765,255.9924
2023,0,kt,JU,233.1257,201.2705,269.0129,193,258.8936
2023,0,kt,BS,291.1021,267.4274,316.48,567,283.4561
